<?xml version="1.0" encoding="ISO-8859-1"?>
<!--
 Licensed to the Apache Software Foundation (ASF) under one or more
 contributor license agreements.  See the NOTICE file distributed with
 this work for additional information regarding copyright ownership.
 The ASF licenses this file to You under the Apache License, Version 2.0
 (the "License"); you may not use this file except in compliance with
 the License.  You may obtain a copy of the License at

      http://www.apache.org/licenses/LICENSE-2.0

 Unless required by applicable law or agreed to in writing, software
 distributed under the License is distributed on an "AS IS" BASIS,
 WITHOUT WARRANTIES OR CONDITIONS OF ANY KIND, either express or implied.
 See the License for the specific language governing permissions and
 limitations under the License.
-->
<project xmlns="http://maven.apache.org/DECORATION/1.1.0" xmlns:xsi="http://www.w3.org/2001/XMLSchema-instance"
  xsi:schemaLocation="http://maven.apache.org/DECORATION/1.1.0 http://maven.apache.org/xsd/decoration-1.1.0.xsd"
  name="DbUtils">
    <bannerRight>
        <name>Commons DbUtils</name>
        <src>/images/logo.png</src>
        <href>/index.html</href>
    </bannerRight>

    <body>
        <menu name="DbUtils">
            <item name="Overview"      href="/index.html"/>
            <item name="Download"      href="https://commons.apache.org/dbutils/download_dbutils.cgi"/>
            <item name="Examples"      href="/examples.html"/>
            <item name="Release Notes" href="/changes-report.html"/>
            <item name="Dependencies"  href="/dependencies.html"/>
            <item name="Wiki"          href="http://wiki.apache.org/commons/DbUtils"/>
        </menu>

        <menu name="Development">
            <item name="Mailing Lists"        href="/mail-lists.html"/>
            <item name="Issue Tracking"       href="/issue-tracking.html"/>
            <item name="Source Repository"    href="/scm.html"/>
            <item name="Building"             href="/building.html"/>
            <item name="Javadoc 1.7"          href="apidocs/index.html"/>
            <item name="Javadoc 1.6"          href="archives/1.6/apidocs/index.html"/>
        </menu>

    </body>

</project>
